user_id,full_name,email,created_at
1,Chrisse Piscotti,cpiscotti0@linkedin.com,2025-09-10 00:00:00
2,Annabelle Handrik,ahandrik1@tuttocitta.it,2025-08-29 00:00:00
3,Marji Vereker,mvereker2@com.com,2025-06-11 00:00:00
4,Ilaire Lippard,ilippard3@imgur.com,2026-01-18 00:00:00
5,Helenelizabeth Badman,hbadman4@howstuffworks.com,2025-04-01 00:00:00
6,Gabbie Kipling,gkipling5@timesonline.co.uk,2025-10-11 00:00:00
7,Danette Farnie,dfarnie6@google.com.br,2025-08-25 00:00:00
8,Lilia Franceschelli,lfranceschelli7@who.int,2025-07-14 00:00:00
9,Roselle Parrott,rparrott8@symantec.com,2025-11-23 00:00:00
10,Dulcie Gapper,dgapper9@cbc.ca,2026-01-22 00:00:00
11,Madeleine Winchcum,mwinchcuma@java.com,2025-11-18 00:00:00
12,Hannis Renney,hrenneyb@sogou.com,2025-06-13 00:00:00
13,Dredi Binner,dbinnerc@goo.ne.jp,2025-07-25 00:00:00
14,Kayle Aujean,kaujeand@wordpress.org,2025-05-21 00:00:00
15,Kelsey Sweetmore,ksweetmoree@qq.com,2026-02-06 00:00:00
16,Annabel Hawkswood,ahawkswoodf@dagondesign.com,2026-01-25 00:00:00
17,Chase Starzaker,cstarzakerg@mit.edu,2025-11-03 00:00:00
18,Maddy Poyle,mpoyleh@networkadvertising.org,2025-07-03 00:00:00
19,Leena Sweetman,lsweetmani@1688.com,2026-01-21 00:00:00
20,Godart Cherryman,gcherrymanj@google.co.uk,2025-08-25 00:00:00
21,Katina Adney,kadneyk@hexun.com,2025-09-14 00:00:00
22,Harriett Halksworth,hhalksworthl@imgur.com,2025-12-23 00:00:00
23,Nikolaus Frunks,nfrunksm@google.fr,2026-02-05 00:00:00
24,Isidore Twyning,itwyningn@gravatar.com,2025-06-29 00:00:00
25,Odetta Blazewicz,oblazewiczo@go.com,2026-01-18 00:00:00
26,Tabbatha Spurrior,tspurriorp@un.org,2025-05-27 00:00:00
27,Bentlee Joliffe,bjoliffeq@blogger.com,2025-12-02 00:00:00
28,Bendicty Northcote,bnorthcoter@de.vu,2025-12-26 00:00:00
29,Nollie Mountcastle,nmountcastles@zimbio.com,2025-10-13 00:00:00
30,Kyrstin Leicester,kleicestert@purevolume.com,2026-01-05 00:00:00
31,Hollie Treadaway,htreadawayu@cbc.ca,2025-07-12 00:00:00
32,Denyse Petrelluzzi,dpetrelluzziv@bloomberg.com,2026-02-18 00:00:00
33,Agatha MacCaughey,amaccaugheyw@drupal.org,2025-04-06 00:00:00
34,Malissa Rummings,mrummingsx@tamu.edu,2025-09-06 00:00:00
35,Batsheva McGrane,bmcgraney@nydailynews.com,2025-04-18 00:00:00
36,Kaye Fludgate,kfludgatez@archive.org,2025-06-12 00:00:00
37,Jonathan Rojahn,jrojahn10@harvard.edu,2025-09-04 00:00:00
38,Coraline Ponter,cponter11@gizmodo.com,2025-10-01 00:00:00
39,Corina Challen,cchallen12@delicious.com,2025-12-01 00:00:00
40,Chiarra Kassman,ckassman13@blinklist.com,2025-07-29 00:00:00
41,Julianna O'Scandall,joscandall14@nbcnews.com,2025-11-16 00:00:00
42,Marion Hellmore,mhellmore15@behance.net,2025-12-21 00:00:00
43,Kenny Paddington,kpaddington16@go.com,2025-11-06 00:00:00
44,Willdon Lamdin,wlamdin17@shutterfly.com,2025-11-25 00:00:00
45,Faydra MacRedmond,fmacredmond18@ustream.tv,2026-01-15 00:00:00
46,Barbabas Weedon,bweedon19@1688.com,2025-08-21 00:00:00
47,Florella Langdon,flangdon1a@newyorker.com,2025-06-06 00:00:00
48,Lindsay Beidebeke,lbeidebeke1b@163.com,2025-06-18 00:00:00
49,Sholom Yokelman,syokelman1c@sakura.ne.jp,2026-03-05 00:00:00
50,Sampson L' Estrange,sl1d@berkeley.edu,2025-12-29 00:00:00
51,Jerrie Juliff,jjuliff1e@oakley.com,2026-02-13 00:00:00
52,Marjie Keary,mkeary1f@privacy.gov.au,2026-02-11 00:00:00
53,Hobie Robson,hrobson1g@yellowpages.com,2025-08-21 00:00:00
54,Hobey Elliker,helliker1h@baidu.com,2026-02-13 00:00:00
55,Archy Richardes,arichardes1i@businessinsider.com,2026-01-05 00:00:00
56,Torin Bartos,tbartos1j@rediff.com,2025-09-16 00:00:00
57,Yevette Vaskin,yvaskin1k@bluehost.com,2025-03-27 00:00:00
58,Judie Etridge,jetridge1l@prweb.com,2025-03-14 00:00:00
59,Boris Meaddowcroft,bmeaddowcroft1m@answers.com,2025-05-21 00:00:00
60,Malvin Hardiker,mhardiker1n@rediff.com,2025-09-30 00:00:00
61,Theobald Stocker,tstocker1o@list-manage.com,2025-03-26 00:00:00
62,Bonnibelle Werndley,bwerndley1p@tuttocitta.it,2025-08-27 00:00:00
63,Oralia Carpenter,ocarpenter1q@webnode.com,2026-01-23 00:00:00
64,Kylila Leyes,kleyes1r@berkeley.edu,2025-05-10 00:00:00
65,Erda Liebrecht,eliebrecht1s@marriott.com,2025-04-25 00:00:00
66,Calypso Altree,caltree1t@51.la,2025-12-17 00:00:00
67,Hayley Baldinotti,hbaldinotti1u@over-blog.com,2025-03-19 00:00:00
68,Alia Gristhwaite,agristhwaite1v@ft.com,2026-01-25 00:00:00
69,Judon Humpherson,jhumpherson1w@bandcamp.com,2026-01-29 00:00:00
70,Bear Bacop,bbacop1x@ovh.net,2025-03-26 00:00:00
71,Cora Elkington,celkington1y@sun.com,2025-08-20 00:00:00
72,Elwira Jessett,ejessett1z@wordpress.org,2025-12-11 00:00:00
73,Stacy Coysh,scoysh20@symantec.com,2025-12-14 00:00:00
74,Clemmy Trehearn,ctrehearn21@nydailynews.com,2025-10-05 00:00:00
75,Nestor Climpson,nclimpson22@google.cn,2025-08-25 00:00:00
76,Leighton Steer,lsteer23@hc360.com,2025-03-28 00:00:00
77,Orland Rylatt,orylatt24@vimeo.com,2026-03-02 00:00:00
78,Cecily Doge,cdoge25@wordpress.org,2025-04-14 00:00:00
79,Bunnie Carnduff,bcarnduff26@princeton.edu,2025-08-20 00:00:00
80,Harp Van Dale,hvan27@samsung.com,2025-08-11 00:00:00
81,Lance Trimmell,ltrimmell28@mayoclinic.com,2025-07-22 00:00:00
82,Dulciana Sarle,dsarle29@telegraph.co.uk,2025-08-21 00:00:00
83,Amata Riha,ariha2a@washingtonpost.com,2025-07-19 00:00:00
84,Ruggiero Slyme,rslyme2b@is.gd,2025-05-22 00:00:00
85,My Nolli,mnolli2c@zimbio.com,2025-08-20 00:00:00
86,Jerrie Skull,jskull2d@tiny.cc,2025-11-15 00:00:00
87,Peggy Salvadore,psalvadore2e@digg.com,2026-01-17 00:00:00
88,Megen Linstead,mlinstead2f@youku.com,2025-05-20 00:00:00
89,Janine Dollard,jdollard2g@wisc.edu,2025-04-10 00:00:00
90,Anthia Clayden,aclayden2h@amazon.com,2025-06-08 00:00:00
91,Hermie Crossman,hcrossman2i@addthis.com,2025-09-20 00:00:00
92,Klaus Claxton,kclaxton2j@odnoklassniki.ru,2025-10-05 00:00:00
93,Aubry Scruby,ascruby2k@google.ru,2025-06-19 00:00:00
94,Timmie Leedes,tleedes2l@geocities.jp,2025-10-26 00:00:00
95,Elianore Case,ecase2m@ca.gov,2026-02-11 00:00:00
96,Kathryn Backhouse,kbackhouse2n@furl.net,2026-01-07 00:00:00
97,Rafael Olivie,rolivie2o@hud.gov,2025-04-04 00:00:00
98,Hillyer Whitters,hwhitters2p@sitemeter.com,2026-01-09 00:00:00
99,Christi Jeffels,cjeffels2q@bbb.org,2025-05-08 00:00:00
100,Roscoe Kasman,rkasman2r@loc.gov,2025-06-24 00:00:00
101,Brit Hollyar,bhollyar2s@toplist.cz,2026-02-06 00:00:00
102,Odette Valentelli,ovalentelli2t@myspace.com,2025-11-11 00:00:00
103,Domini Beggin,dbeggin2u@posterous.com,2025-06-29 00:00:00
104,Neysa St. Quentin,nst2v@symantec.com,2025-05-22 00:00:00
105,Gates Salomon,gsalomon2w@chicagotribune.com,2025-08-14 00:00:00
106,Chrystal Skeene,cskeene2x@skype.com,2025-07-08 00:00:00
107,Maynard Baumadier,mbaumadier2y@hao123.com,2026-01-01 00:00:00
108,Gifford Heaker,gheaker2z@geocities.jp,2025-10-16 00:00:00
109,Aile Tellwright,atellwright30@tinypic.com,2026-03-05 00:00:00
110,Eal Lean,elean31@shutterfly.com,2025-04-28 00:00:00
111,Martie Cullerne,mcullerne32@hostgator.com,2025-11-28 00:00:00
112,Karin Keeley,kkeeley33@cocolog-nifty.com,2025-04-21 00:00:00
113,Guido Wellfare,gwellfare34@usgs.gov,2025-03-30 00:00:00
114,Tallia MacMichael,tmacmichael35@soundcloud.com,2026-03-02 00:00:00
115,Alfons Poytheras,apoytheras36@unesco.org,2025-08-23 00:00:00
116,Merrili Ceccoli,mceccoli37@themeforest.net,2025-07-25 00:00:00
117,Austina Cronkshaw,acronkshaw38@privacy.gov.au,2025-10-19 00:00:00
118,Meriel Williams,mwilliams39@earthlink.net,2025-04-15 00:00:00
119,Alfie Erasmus,aerasmus3a@state.tx.us,2025-04-05 00:00:00
120,Ethelyn Halcro,ehalcro3b@answers.com,2025-07-04 00:00:00
121,Pavel Lilie,plilie3c@mediafire.com,2025-12-21 00:00:00
122,Pearline Grogan,pgrogan3d@ted.com,2025-06-06 00:00:00
123,Harv Maile,hmaile3e@delicious.com,2025-10-12 00:00:00
124,Poppy Higgonet,phiggonet3f@printfriendly.com,2025-10-31 00:00:00
125,Nonnah Farthin,nfarthin3g@naver.com,2025-05-17 00:00:00
126,Nathaniel Twizell,ntwizell3h@hugedomains.com,2025-08-26 00:00:00
127,Angele Stiff,astiff3i@oaic.gov.au,2025-10-03 00:00:00
128,Janey McCrackan,jmccrackan3j@ehow.com,2025-12-10 00:00:00
129,Rorie Island,risland3k@bigcartel.com,2025-06-20 00:00:00
130,Joann Wandrach,jwandrach3l@canalblog.com,2025-09-23 00:00:00
131,Peta Brunstan,pbrunstan3m@hibu.com,2026-02-02 00:00:00
132,Aurora Sola,asola3n@ebay.com,2025-11-16 00:00:00
133,Bonnee Anstie,banstie3o@rambler.ru,2026-02-07 00:00:00
134,Reta Mussilli,rmussilli3p@wunderground.com,2025-08-10 00:00:00
135,Shirley Milner,smilner3q@lycos.com,2025-11-09 00:00:00
136,Cordell Calcott,ccalcott3r@weather.com,2026-01-09 00:00:00
137,Germain Tippings,gtippings3s@ezinearticles.com,2025-04-21 00:00:00
138,Ernst Ishak,eishak3t@marriott.com,2025-11-15 00:00:00
139,Hannah Fagence,hfagence3u@spotify.com,2025-05-21 00:00:00
140,Delmer Ribchester,dribchester3v@cam.ac.uk,2025-06-18 00:00:00
141,Janette Mannion,jmannion3w@google.com.br,2025-09-04 00:00:00
142,Adrian Drewes,adrewes3x@youtube.com,2026-01-24 00:00:00
143,Brice Kiera,bkiera3y@pinterest.com,2025-06-22 00:00:00
144,Chrissy Allwright,callwright3z@techcrunch.com,2025-08-18 00:00:00
145,Olly Upton,oupton40@google.co.uk,2025-10-04 00:00:00
146,Benjie Birrell,bbirrell41@fastcompany.com,2025-07-10 00:00:00
147,Christoper Hazelgreave,chazelgreave42@jugem.jp,2026-02-12 00:00:00
148,Lorette Rosenbusch,lrosenbusch43@macromedia.com,2026-01-14 00:00:00
149,Padget Dilawey,pdilawey44@nps.gov,2025-04-05 00:00:00
150,Bendicty Nias,bnias45@twitter.com,2026-01-13 00:00:00
151,Marthena Defau,mdefau46@edublogs.org,2026-02-09 00:00:00
152,Luz Stidston,lstidston47@engadget.com,2025-06-24 00:00:00
153,Agosto Gayne,agayne48@reverbnation.com,2025-12-04 00:00:00
154,Raquel Grinvalds,rgrinvalds49@scribd.com,2026-02-11 00:00:00
155,Dorotea Cridlin,dcridlin4a@sbwire.com,2025-05-08 00:00:00
156,Ryann Overshott,rovershott4b@gizmodo.com,2025-10-09 00:00:00
157,Heddie Gavan,hgavan4c@google.com,2025-10-02 00:00:00
158,Ferdinanda Ottee,fottee4d@huffingtonpost.com,2025-06-12 00:00:00
159,Kendre Goch,kgoch4e@mlb.com,2025-12-30 00:00:00
160,Adoree Chadwin,achadwin4f@hexun.com,2025-03-15 00:00:00
161,Gal McLice,gmclice4g@quantcast.com,2025-12-03 00:00:00
162,Pattin Chess,pchess4h@ning.com,2026-02-05 00:00:00
163,Carmelita Wellwood,cwellwood4i@gnu.org,2025-09-01 00:00:00
164,Gabbey Karpe,gkarpe4j@mysql.com,2025-10-07 00:00:00
165,Myrwyn Goaks,mgoaks4k@discuz.net,2025-04-11 00:00:00
166,Judah Licciardi,jlicciardi4l@phoca.cz,2025-08-15 00:00:00
167,Ileane Hudspeth,ihudspeth4m@cyberchimps.com,2025-10-19 00:00:00
168,Celene Kroon,ckroon4n@yellowpages.com,2026-02-07 00:00:00
169,Benny Prewer,bprewer4o@blog.com,2025-10-25 00:00:00
170,Valentia Otter,votter4p@soup.io,2025-05-03 00:00:00
171,Susette Whitham,swhitham4q@networkadvertising.org,2025-08-26 00:00:00
172,Eirena Speller,espeller4r@bandcamp.com,2025-10-16 00:00:00
173,Ara Bemand,abemand4s@simplemachines.org,2025-11-29 00:00:00
174,Lori Dryden,ldryden4t@123-reg.co.uk,2025-07-09 00:00:00
175,Clayborne Marqyes,cmarqyes4u@ted.com,2026-01-27 00:00:00
176,Derrik Tribe,dtribe4v@hp.com,2025-11-16 00:00:00
177,Kathi Fisbey,kfisbey4w@mayoclinic.com,2025-04-18 00:00:00
178,Gaspar Kean,gkean4x@tamu.edu,2025-04-04 00:00:00
179,Riki Bhar,rbhar4y@ox.ac.uk,2025-04-25 00:00:00
180,Jimmie Simmonds,jsimmonds4z@hhs.gov,2025-09-23 00:00:00
181,Conant Meddemmen,cmeddemmen50@blogger.com,2025-08-02 00:00:00
182,Harlen Coller,hcoller51@jugem.jp,2025-05-20 00:00:00
183,Dode Drane,ddrane52@devhub.com,2025-07-20 00:00:00
184,Gibb Easterling,geasterling53@com.com,2026-02-23 00:00:00
185,Dody Jagg,djagg54@pinterest.com,2025-04-18 00:00:00
186,Missie Wagstaffe,mwagstaffe55@aol.com,2026-01-31 00:00:00
187,Hyacinthie Pedri,hpedri56@hugedomains.com,2025-06-05 00:00:00
188,Cindee MacCallum,cmaccallum57@sciencedaily.com,2025-09-22 00:00:00
189,Verile Ceney,vceney58@photobucket.com,2026-01-07 00:00:00
190,Lillian Tytherton,ltytherton59@wikispaces.com,2025-05-10 00:00:00
191,Frants Gentner,fgentner5a@wired.com,2026-02-13 00:00:00
192,Adena Lufkin,alufkin5b@slashdot.org,2025-10-08 00:00:00
193,Redford Atley,ratley5c@theguardian.com,2025-09-16 00:00:00
194,Alana Sandlin,asandlin5d@icq.com,2025-10-15 00:00:00
195,Tanya Monteith,tmonteith5e@cisco.com,2026-01-06 00:00:00
196,Kaylil Ritson,kritson5f@businessinsider.com,2025-11-18 00:00:00
197,Tallou Squibe,tsquibe5g@infoseek.co.jp,2025-08-08 00:00:00
198,Urson Turvie,uturvie5h@paypal.com,2026-01-27 00:00:00
199,Leeann Grigorian,lgrigorian5i@zimbio.com,2025-06-04 00:00:00
200,Rudy Verecker,rverecker5j@pinterest.com,2025-04-11 00:00:00
201,Bartlet Colin,bcolin5k@diigo.com,2025-08-22 00:00:00
202,Carole Teager,cteager5l@dailymail.co.uk,2025-10-10 00:00:00
203,Kareem Fitch,kfitch5m@youtu.be,2025-03-20 00:00:00
204,Pepito Dunham,pdunham5n@japanpost.jp,2025-05-05 00:00:00
205,Margaretha Cromblehome,mcromblehome5o@over-blog.com,2025-07-14 00:00:00
206,Marlin Kermott,mkermott5p@gizmodo.com,2025-07-11 00:00:00
207,Adaline Merwe,amerwe5q@google.co.uk,2025-09-01 00:00:00
208,Gayler Garretson,ggarretson5r@nbcnews.com,2025-10-11 00:00:00
209,Paxton Humphery,phumphery5s@yelp.com,2025-12-13 00:00:00
210,Justus Swaile,jswaile5t@soup.io,2025-08-24 00:00:00
211,Griffith Roxbee,groxbee5u@is.gd,2025-04-11 00:00:00
212,Stacy Adin,sadin5v@about.me,2025-04-01 00:00:00
213,Durward Leeder,dleeder5w@ameblo.jp,2026-03-01 00:00:00
214,Orlando Pickworth,opickworth5x@nhs.uk,2025-12-23 00:00:00
215,Ashlin Tite,atite5y@time.com,2025-07-07 00:00:00
216,Shandy Wharin,swharin5z@trellian.com,2025-11-30 00:00:00
217,Anderson Sperling,asperling60@reverbnation.com,2025-11-25 00:00:00
218,Estel Jeste,ejeste61@blog.com,2025-07-13 00:00:00
219,Arlyne Benediktovich,abenediktovich62@amazon.co.uk,2025-06-20 00:00:00
220,Tiebout Winear,twinear63@odnoklassniki.ru,2025-05-18 00:00:00
221,Herbert O'Kennedy,hokennedy64@cnn.com,2026-01-11 00:00:00
222,Germaine Paff,gpaff65@facebook.com,2025-03-11 00:00:00
223,Ebba McMurraya,emcmurraya66@wsj.com,2025-12-10 00:00:00
224,Jorgan Gillbe,jgillbe67@51.la,2025-06-15 00:00:00
225,Jareb Paraman,jparaman68@cornell.edu,2025-10-27 00:00:00
226,Roddie Friedenbach,rfriedenbach69@ustream.tv,2025-08-30 00:00:00
227,Cleve Middle,cmiddle6a@sbwire.com,2025-06-22 00:00:00
228,Ryun Philipsen,rphilipsen6b@blog.com,2025-12-28 00:00:00
229,Selina Wyant,swyant6c@youku.com,2025-11-16 00:00:00
230,Clerissa Murcott,cmurcott6d@slate.com,2025-04-14 00:00:00
231,Clerkclaude Caudle,ccaudle6e@blogtalkradio.com,2025-06-11 00:00:00
232,Bord Benettolo,bbenettolo6f@e-recht24.de,2025-03-17 00:00:00
233,Janifer Troubridge,jtroubridge6g@msu.edu,2025-07-12 00:00:00
234,Danya Iacovozzo,diacovozzo6h@printfriendly.com,2025-06-21 00:00:00
235,Blakelee Kloss,bkloss6i@macromedia.com,2025-10-15 00:00:00
236,Glyn Chatainier,gchatainier6j@google.pl,2025-12-30 00:00:00
237,Mozes McIvor,mmcivor6k@acquirethisname.com,2025-03-24 00:00:00
238,Carlos Castagnier,ccastagnier6l@google.cn,2026-02-21 00:00:00
239,Nelly Tibbits,ntibbits6m@acquirethisname.com,2025-07-17 00:00:00
240,Rollo Atwel,ratwel6n@china.com.cn,2025-07-11 00:00:00
241,Candra Michell,cmichell6o@twitpic.com,2025-12-01 00:00:00
242,Carina Van der Brug,cvan6p@cnet.com,2026-01-29 00:00:00
243,Shanon Burcher,sburcher6q@nbcnews.com,2025-06-14 00:00:00
244,Lammond Sprules,lsprules6r@unesco.org,2025-05-02 00:00:00
245,Noe Guye,nguye6s@adobe.com,2025-05-22 00:00:00
246,Clim Copplestone,ccopplestone6t@redcross.org,2025-09-14 00:00:00
247,Brodie Eddow,beddow6u@miitbeian.gov.cn,2025-10-21 00:00:00
248,Ara Copelli,acopelli6v@wunderground.com,2026-02-02 00:00:00
249,Helenelizabeth Lorraine,hlorraine6w@twitpic.com,2025-07-22 00:00:00
250,Denys Bladesmith,dbladesmith6x@umn.edu,2025-06-04 00:00:00
251,Leigh Staning,lstaning6y@wunderground.com,2026-03-03 00:00:00
252,Violette Ferreiro,vferreiro6z@census.gov,2025-08-15 00:00:00
253,Gleda Frankom,gfrankom70@jigsy.com,2025-08-14 00:00:00
254,Duffy Haine,dhaine71@toplist.cz,2025-08-27 00:00:00
255,Fonzie Trood,ftrood72@un.org,2025-09-02 00:00:00
256,Jewel Sawart,jsawart73@bloglines.com,2025-12-01 00:00:00
257,Lanna Pittle,lpittle74@usda.gov,2025-05-06 00:00:00
258,Rutherford Elsby,relsby75@ted.com,2025-10-03 00:00:00
259,Henryetta Towse,htowse76@ezinearticles.com,2025-10-01 00:00:00
260,Stavros Furmedge,sfurmedge77@whitehouse.gov,2025-07-06 00:00:00
261,Matty Zolini,mzolini78@4shared.com,2025-10-01 00:00:00
262,Gerick Burnapp,gburnapp79@netlog.com,2025-06-08 00:00:00
263,Leonie Hatliff,lhatliff7a@moonfruit.com,2025-06-10 00:00:00
264,Verene Arnoldi,varnoldi7b@google.com.au,2026-01-18 00:00:00
265,Ricard McElhinney,rmcelhinney7c@wikipedia.org,2025-09-28 00:00:00
266,Sean Gourlie,sgourlie7d@dion.ne.jp,2025-09-23 00:00:00
267,Adah Fairlie,afairlie7e@google.ru,2026-01-29 00:00:00
268,Barny Wakley,bwakley7f@bluehost.com,2025-03-24 00:00:00
269,Issiah Ogles,iogles7g@angelfire.com,2026-01-11 00:00:00
270,Marybeth Heape,mheape7h@yale.edu,2025-06-11 00:00:00
271,Shane Davidavidovics,sdavidavidovics7i@whitehouse.gov,2025-12-09 00:00:00
272,Martainn Byrd,mbyrd7j@aol.com,2025-03-15 00:00:00
273,Hanni Rotchell,hrotchell7k@aboutads.info,2025-06-08 00:00:00
274,Mill Kelwaybamber,mkelwaybamber7l@independent.co.uk,2026-02-09 00:00:00
275,Rooney Aaron,raaron7m@google.com.br,2025-05-20 00:00:00
276,Winston Bendix,wbendix7n@4shared.com,2026-01-21 00:00:00
277,Brana Eat,beat7o@ovh.net,2025-12-17 00:00:00
278,Odette Edelheit,oedelheit7p@wikipedia.org,2026-02-07 00:00:00
279,Alex Scala,ascala7q@uiuc.edu,2025-05-15 00:00:00
280,Harri Jessett,hjessett7r@sciencedaily.com,2025-10-26 00:00:00
281,Mignonne Rispin,mrispin7s@biblegateway.com,2025-10-13 00:00:00
282,Joeann Paik,jpaik7t@quantcast.com,2025-09-27 00:00:00
283,Tobie Pieters,tpieters7u@samsung.com,2025-07-31 00:00:00
284,Faber Langwade,flangwade7v@google.ca,2025-12-10 00:00:00
285,Tate Hedon,thedon7w@washington.edu,2026-01-17 00:00:00
286,Amye Cirlos,acirlos7x@xinhuanet.com,2025-05-27 00:00:00
287,Alisa Westmore,awestmore7y@springer.com,2025-06-06 00:00:00
288,Klaus Jimes,kjimes7z@photobucket.com,2026-02-24 00:00:00
289,Muffin Simonian,msimonian80@jiathis.com,2025-06-14 00:00:00
290,Louisa Gretton,lgretton81@a8.net,2025-09-04 00:00:00
291,Aube McColley,amccolley82@opera.com,2025-11-10 00:00:00
292,Chev Bachelor,cbachelor83@techcrunch.com,2025-05-31 00:00:00
293,Thedric MacDowal,tmacdowal84@opensource.org,2025-04-06 00:00:00
294,Daisi Reichhardt,dreichhardt85@nationalgeographic.com,2026-01-27 00:00:00
295,Vernen Kettow,vkettow86@wp.com,2025-07-12 00:00:00
296,Sargent Osmint,sosmint87@nih.gov,2025-12-29 00:00:00
297,Toma Sey,tsey88@oracle.com,2026-02-20 00:00:00
298,Evan Sharplin,esharplin89@tumblr.com,2025-05-15 00:00:00
299,Bar Schulkins,bschulkins8a@mozilla.org,2025-07-15 00:00:00
300,Evy Enticott,eenticott8b@nytimes.com,2025-08-31 00:00:00
301,Anna-maria Zini,azini8c@nifty.com,2025-07-22 00:00:00
302,Joseph Drepp,jdrepp8d@qq.com,2025-11-30 00:00:00
303,Heinrik Pellant,hpellant8e@wordpress.org,2025-11-20 00:00:00
304,Padraig Pennicott,ppennicott8f@tripadvisor.com,2025-11-15 00:00:00
305,Bernadette Bouts,bbouts8g@infoseek.co.jp,2025-03-27 00:00:00
306,Hastings Mewitt,hmewitt8h@printfriendly.com,2025-03-18 00:00:00
307,Leontyne Bristowe,lbristowe8i@cbsnews.com,2025-11-09 00:00:00
308,Aldric Lightbourne,alightbourne8j@sitemeter.com,2025-08-13 00:00:00
309,Maxwell Hindrick,mhindrick8k@desdev.cn,2025-08-02 00:00:00
310,Town Bonus,tbonus8l@uiuc.edu,2025-07-02 00:00:00
311,Candie Lenthall,clenthall8m@yale.edu,2025-10-16 00:00:00
312,Joe Moran,jmoran8n@furl.net,2025-08-24 00:00:00
313,Cayla Cassey,ccassey8o@bloglines.com,2025-03-27 00:00:00
314,Clevey Vignaux,cvignaux8p@merriam-webster.com,2025-11-24 00:00:00
315,Alejoa Lent,alent8q@bloglovin.com,2025-09-06 00:00:00
316,Kat Yegorkov,kyegorkov8r@soup.io,2025-06-21 00:00:00
317,Philippe Mattioni,pmattioni8s@salon.com,2025-05-19 00:00:00
318,Symon Oxnam,soxnam8t@merriam-webster.com,2025-04-09 00:00:00
319,Lauralee Bastian,lbastian8u@istockphoto.com,2025-06-17 00:00:00
320,Harrie Syred,hsyred8v@t-online.de,2025-05-23 00:00:00
321,Kelsy Cock,kcock8w@dell.com,2025-04-21 00:00:00
322,Renie Matej,rmatej8x@bandcamp.com,2025-03-17 00:00:00
323,Even Bachs,ebachs8y@flavors.me,2025-03-22 00:00:00
324,Dalston Caffin,dcaffin8z@google.cn,2025-03-19 00:00:00
325,Jenni Harlick,jharlick90@intel.com,2025-06-26 00:00:00
326,Ezmeralda Reedyhough,ereedyhough91@marketwatch.com,2025-07-14 00:00:00
327,Oliy Chappell,ochappell92@deliciousdays.com,2025-03-26 00:00:00
328,Florette Kield,fkield93@arstechnica.com,2025-08-25 00:00:00
329,Miner Novotne,mnovotne94@pinterest.com,2025-06-10 00:00:00
330,Jocelin Hartman,jhartman95@arstechnica.com,2025-07-15 00:00:00
331,Dorey Josh,djosh96@abc.net.au,2025-11-07 00:00:00
332,Konstantin Kirby,kkirby97@mashable.com,2026-01-31 00:00:00
333,Karol MacComiskey,kmaccomiskey98@elpais.com,2026-03-05 00:00:00
334,Desiri Lively,dlively99@foxnews.com,2025-04-11 00:00:00
335,Bartlet Kesten,bkesten9a@irs.gov,2025-08-15 00:00:00
336,Cam Taggerty,ctaggerty9b@uol.com.br,2025-07-02 00:00:00
337,Elston Gherardelli,egherardelli9c@princeton.edu,2025-10-30 00:00:00
338,Germain Schenfisch,gschenfisch9d@mozilla.org,2025-04-21 00:00:00
339,Emelina Howie,ehowie9e@ftc.gov,2025-08-23 00:00:00
340,Orsa Stivani,ostivani9f@pbs.org,2025-11-17 00:00:00
341,Jacquelyn Fist,jfist9g@google.es,2025-06-21 00:00:00
342,Hadlee Gerleit,hgerleit9h@biglobe.ne.jp,2025-09-30 00:00:00
343,Lon Ellcock,lellcock9i@admin.ch,2025-06-14 00:00:00
344,Jim Meany,jmeany9j@nhs.uk,2025-10-27 00:00:00
345,Aldon Dickenson,adickenson9k@paypal.com,2025-06-04 00:00:00
346,Casey Dansken,cdansken9l@booking.com,2025-04-18 00:00:00
347,Lewes Burnes,lburnes9m@intel.com,2025-10-24 00:00:00
348,Whitby Van Castele,wvan9n@yale.edu,2025-09-18 00:00:00
349,Milzie Mynett,mmynett9o@cafepress.com,2025-06-12 00:00:00
350,Adah Rechert,arechert9p@miibeian.gov.cn,2025-05-17 00:00:00
351,Cristina Tomblings,ctomblings9q@bing.com,2025-05-15 00:00:00
352,Cheslie Jockle,cjockle9r@ebay.co.uk,2025-10-19 00:00:00
353,Kevin Blaik,kblaik9s@phpbb.com,2025-10-24 00:00:00
354,Ray Drohun,rdrohun9t@columbia.edu,2025-05-09 00:00:00
355,Alistair O'Drought,aodrought9u@ibm.com,2025-06-18 00:00:00
356,Zonda Pawling,zpawling9v@wunderground.com,2025-10-30 00:00:00
357,Alvin Ciccoloi,aciccoloi9w@wikia.com,2025-05-03 00:00:00
358,Abba Shirer,ashirer9x@businessweek.com,2025-06-05 00:00:00
359,Cody Mellor,cmellor9y@multiply.com,2025-05-24 00:00:00
360,Keene Eddleston,keddleston9z@slate.com,2026-01-23 00:00:00
361,Rozele Bickerstasse,rbickerstassea0@cloudflare.com,2025-05-01 00:00:00
362,Meghann Eisenberg,meisenberga1@gizmodo.com,2025-07-30 00:00:00
363,Elwin Gaines,egainesa2@themeforest.net,2025-09-27 00:00:00
364,Giffy Wheelhouse,gwheelhousea3@bing.com,2026-02-26 00:00:00
365,Edita Garrigan,egarrigana4@blogspot.com,2025-07-20 00:00:00
366,Norene Heijne,nheijnea5@indiegogo.com,2025-10-09 00:00:00
367,Torin Hatcher,thatchera6@accuweather.com,2026-01-24 00:00:00
368,Bud Cordell,bcordella7@usda.gov,2025-08-10 00:00:00
369,Jacquenette Headech,jheadecha8@blogs.com,2025-08-12 00:00:00
370,Chase Tomei,ctomeia9@wunderground.com,2025-10-28 00:00:00
371,Dougie Liepmann,dliepmannaa@europa.eu,2025-04-15 00:00:00
372,Lowell Furmston,lfurmstonab@who.int,2025-10-05 00:00:00
373,Marisa Dewberry,mdewberryac@drupal.org,2025-08-19 00:00:00
374,Ferrel Beefon,fbeefonad@com.com,2026-01-26 00:00:00
375,Dalis Melendez,dmelendezae@harvard.edu,2026-02-15 00:00:00
376,Jaquith Rother,jrotheraf@rakuten.co.jp,2025-05-23 00:00:00
377,Fredra Iacovaccio,fiacovaccioag@ucoz.com,2025-11-12 00:00:00
378,Marlie Cruxton,mcruxtonah@privacy.gov.au,2026-03-09 00:00:00
379,Joshuah Mathevon,jmathevonai@cdc.gov,2025-06-13 00:00:00
380,Willamina Yoseloff,wyoseloffaj@nature.com,2025-07-04 00:00:00
381,Paula Joselevitz,pjoselevitzak@time.com,2025-04-19 00:00:00
382,Julienne Mortell,jmortellal@rakuten.co.jp,2025-08-24 00:00:00
383,Anna-diane Luis,aluisam@state.tx.us,2025-04-02 00:00:00
384,Rock Aronovich,raronovichan@gnu.org,2025-10-18 00:00:00
385,Cornall Fosken,cfoskenao@nbcnews.com,2025-03-28 00:00:00
386,Ollie Sowerby,osowerbyap@biblegateway.com,2025-10-16 00:00:00
387,Brina Culwen,bculwenaq@xinhuanet.com,2025-11-16 00:00:00
388,Cal Tidcomb,ctidcombar@sourceforge.net,2025-09-05 00:00:00
389,Corrianne Maskrey,cmaskreyas@spiegel.de,2025-10-06 00:00:00
390,Daniela Bourdis,dbourdisat@soundcloud.com,2025-05-30 00:00:00
391,Zara Veljes,zveljesau@xing.com,2026-02-11 00:00:00
392,Dex Yvens,dyvensav@unblog.fr,2025-08-04 00:00:00
393,Sondra Stagge,sstaggeaw@amazon.com,2025-07-18 00:00:00
394,Riannon Candish,rcandishax@mashable.com,2026-02-05 00:00:00
395,Dorise Jenson,djensonay@amazon.de,2025-07-09 00:00:00
396,May Yeskov,myeskovaz@delicious.com,2025-06-06 00:00:00
397,Tobi Baversor,tbaversorb0@shareasale.com,2026-02-15 00:00:00
398,Hadria Frostdicke,hfrostdickeb1@nbcnews.com,2025-09-28 00:00:00
399,Vivyanne Brekonridge,vbrekonridgeb2@linkedin.com,2025-09-01 00:00:00
400,Syd Bazek,sbazekb3@photobucket.com,2025-11-11 00:00:00
401,Darrick Jennens,djennensb4@mozilla.org,2025-09-29 00:00:00
402,Jonis Bulpitt,jbulpittb5@scribd.com,2025-10-29 00:00:00
403,Conny Guerreau,cguerreaub6@blogtalkradio.com,2025-05-19 00:00:00
404,Tracey Crosskill,tcrosskillb7@smh.com.au,2025-06-19 00:00:00
405,Luce Coll,lcollb8@plala.or.jp,2025-06-13 00:00:00
406,Trefor Mackilpatrick,tmackilpatrickb9@tripod.com,2025-05-15 00:00:00
407,Ernie Iskov,eiskovba@army.mil,2026-01-07 00:00:00
408,Gustavo Clowton,gclowtonbb@google.com.au,2025-07-21 00:00:00
409,Milt Derisley,mderisleybc@ycombinator.com,2025-09-21 00:00:00
410,Loralee Ousley,lousleybd@weibo.com,2025-12-02 00:00:00
411,Emmie Garey,egareybe@msn.com,2025-05-21 00:00:00
412,Noni Dougill,ndougillbf@yale.edu,2026-01-18 00:00:00
413,Saul Ruppel,sruppelbg@wsj.com,2025-11-26 00:00:00
414,Ethelin Twitty,etwittybh@soundcloud.com,2025-11-01 00:00:00
415,Gilberto Featherstone,gfeatherstonebi@msu.edu,2025-11-20 00:00:00
416,Meg Crowcher,mcrowcherbj@dagondesign.com,2025-08-16 00:00:00
417,Raymond Beddall,rbeddallbk@ycombinator.com,2025-09-01 00:00:00
418,Irma Darwood,idarwoodbl@instagram.com,2026-01-27 00:00:00
419,Donnie Dikles,ddiklesbm@creativecommons.org,2025-05-22 00:00:00
420,Eveline Ardy,eardybn@wp.com,2025-08-22 00:00:00
421,Rozele Geck,rgeckbo@amazon.com,2025-05-22 00:00:00
422,Gherardo Caplan,gcaplanbp@amazonaws.com,2025-12-04 00:00:00
423,Brion Aldwich,baldwichbq@hostgator.com,2025-12-09 00:00:00
424,Bobina Skirling,bskirlingbr@goodreads.com,2025-05-24 00:00:00
425,Teador Millwater,tmillwaterbs@meetup.com,2025-10-01 00:00:00
426,Larine Broyd,lbroydbt@ucsd.edu,2025-06-29 00:00:00
427,Eunice Preble,epreblebu@gnu.org,2025-09-18 00:00:00
428,Matteo Cruickshanks,mcruickshanksbv@salon.com,2026-02-17 00:00:00
429,Barbee Roussel,brousselbw@loc.gov,2025-06-14 00:00:00
430,Morry Beetlestone,mbeetlestonebx@fotki.com,2025-11-30 00:00:00
431,Twyla Flohard,tflohardby@goo.ne.jp,2025-12-16 00:00:00
432,Modesty Lanaway,mlanawaybz@toplist.cz,2025-06-30 00:00:00
433,Constantine Swanston,cswanstonc0@elpais.com,2025-04-30 00:00:00
434,Tallulah Sessions,tsessionsc1@barnesandnoble.com,2026-03-07 00:00:00
435,Kitty Portman,kportmanc2@telegraph.co.uk,2025-08-27 00:00:00
436,Em Kays,ekaysc3@networkadvertising.org,2025-08-16 00:00:00
437,Iosep Stenyng,istenyngc4@xrea.com,2025-07-01 00:00:00
438,Krissy Heckner,khecknerc5@china.com.cn,2025-05-31 00:00:00
439,Vasilis Blazdell,vblazdellc6@nytimes.com,2026-02-04 00:00:00
440,Giffard O' Quirk,goc7@arizona.edu,2025-11-27 00:00:00
441,Ola Keogh,okeoghc8@ow.ly,2025-08-16 00:00:00
442,Junette Pecha,jpechac9@imageshack.us,2025-06-05 00:00:00
443,Wainwright Cromwell,wcromwellca@craigslist.org,2025-05-07 00:00:00
444,Jayme Lowthian,jlowthiancb@slideshare.net,2026-01-31 00:00:00
445,Patin Gogin,pgogincc@dyndns.org,2025-05-24 00:00:00
446,Nevins Tytterton,ntyttertoncd@odnoklassniki.ru,2025-03-24 00:00:00
447,Sutton Elbourne,selbournece@senate.gov,2025-06-21 00:00:00
448,Damien Pahlsson,dpahlssoncf@ox.ac.uk,2025-11-27 00:00:00
449,Izak Boyack,iboyackcg@fema.gov,2025-08-28 00:00:00
450,Dev Dourin,ddourinch@wired.com,2026-02-02 00:00:00
451,Cory Beneze,cbenezeci@fema.gov,2026-03-07 00:00:00
452,Cristobal Ghidotti,cghidotticj@webnode.com,2026-02-08 00:00:00
453,Denyse Lavarack,dlavarackck@php.net,2025-05-27 00:00:00
454,Addy Niemetz,aniemetzcl@amazon.com,2026-02-20 00:00:00
455,Averil Motto,amottocm@newyorker.com,2025-04-01 00:00:00
456,Earlie Tomlett,etomlettcn@army.mil,2025-08-27 00:00:00
457,Freedman Toke,ftokeco@php.net,2025-07-25 00:00:00
458,Godfree Houlston,ghoulstoncp@privacy.gov.au,2025-03-29 00:00:00
459,Teriann Pasby,tpasbycq@abc.net.au,2025-12-05 00:00:00
460,Neall Iaduccelli,niaduccellicr@huffingtonpost.com,2025-06-06 00:00:00
461,Ellissa Maxweell,emaxweellcs@cafepress.com,2025-06-20 00:00:00
462,Antonio Du Fray,aduct@timesonline.co.uk,2025-08-10 00:00:00
463,Geno Bartram,gbartramcu@paginegialle.it,2025-03-12 00:00:00
464,Larry Heijne,lheijnecv@google.nl,2025-07-18 00:00:00
465,Georgena Sargant,gsargantcw@weather.com,2025-11-05 00:00:00
466,Urban Wigley,uwigleycx@edublogs.org,2025-05-02 00:00:00
467,Kareem Reape,kreapecy@paginegialle.it,2026-02-20 00:00:00
468,Carena Hacksby,chacksbycz@e-recht24.de,2025-03-27 00:00:00
469,Rhianna Middleweek,rmiddleweekd0@g.co,2026-02-15 00:00:00
470,Ulrick Cockrill,ucockrilld1@is.gd,2025-04-04 00:00:00
471,Ezra Rawood,erawoodd2@springer.com,2025-08-24 00:00:00
472,Hinze Di Giacomo,hdid3@angelfire.com,2026-01-11 00:00:00
473,Auria Greenaway,agreenawayd4@hud.gov,2025-08-31 00:00:00
474,Clarence Rottgers,crottgersd5@cargocollective.com,2025-05-01 00:00:00
475,Courtney Hasnip,chasnipd6@nymag.com,2026-02-15 00:00:00
476,Marylee Esseby,messebyd7@wikimedia.org,2025-12-29 00:00:00
477,Beverlie Slograve,bslograved8@yellowpages.com,2025-05-15 00:00:00
478,Laird Bysaker,lbysakerd9@webmd.com,2025-08-05 00:00:00
479,Lionel Gethen,lgethenda@jigsy.com,2025-03-18 00:00:00
480,Robina McNay,rmcnaydb@microsoft.com,2025-07-22 00:00:00
481,Donnie Masters,dmastersdc@ebay.co.uk,2025-08-07 00:00:00
482,Burg Clibbery,bclibberydd@theguardian.com,2026-01-19 00:00:00
483,Aldin Keeltagh,akeeltaghde@mediafire.com,2025-04-07 00:00:00
484,Georgiana Boadby,gboadbydf@about.com,2026-01-23 00:00:00
485,Guendolen Dunhill,gdunhilldg@utexas.edu,2025-04-12 00:00:00
486,Merrill Bellelli,mbellellidh@mayoclinic.com,2026-01-11 00:00:00
487,Trumann Magee,tmageedi@simplemachines.org,2025-11-10 00:00:00
488,Win Marciek,wmarciekdj@simplemachines.org,2025-11-29 00:00:00
489,Hesther Hacquoil,hhacquoildk@parallels.com,2025-10-16 00:00:00
490,Lester Culwen,lculwendl@goo.ne.jp,2026-01-09 00:00:00
491,Reynolds Iacofo,riacofodm@telegraph.co.uk,2025-05-01 00:00:00
492,Antonio Phelipeaux,aphelipeauxdn@discovery.com,2025-12-17 00:00:00
493,Binni Titterington,btitteringtondo@t-online.de,2025-03-22 00:00:00
494,Venus Lock,vlockdp@odnoklassniki.ru,2025-06-23 00:00:00
495,Minetta Pettingall,mpettingalldq@reverbnation.com,2025-12-07 00:00:00
496,Vasily Partrick,vpartrickdr@qq.com,2025-10-25 00:00:00
497,Gualterio Seale,gsealeds@cmu.edu,2026-01-24 00:00:00
498,Rhodie Greenhalgh,rgreenhalghdt@symantec.com,2025-11-14 00:00:00
499,Ritchie Bettinson,rbettinsondu@dmoz.org,2025-04-02 00:00:00
500,Marcus Prattington,mprattingtondv@comsenz.com,2025-06-27 00:00:00
501,Gerhardine Goodlife,ggoodlifedw@mapy.cz,2025-04-27 00:00:00
502,Gayle Allans,gallansdx@huffingtonpost.com,2025-06-07 00:00:00
503,Lizbeth Chafer,lchaferdy@tamu.edu,2025-03-31 00:00:00
504,Jania Ossenna,jossennadz@php.net,2025-07-13 00:00:00
505,Roger Shanley,rshanleye0@blogtalkradio.com,2026-01-18 00:00:00
506,Clarinda Hamsley,chamsleye1@guardian.co.uk,2025-11-15 00:00:00
507,Clarita Sollime,csollimee2@ustream.tv,2026-02-21 00:00:00
508,Demetria Cail,dcaile3@npr.org,2026-01-31 00:00:00
509,Huey Hallbord,hhallborde4@businesswire.com,2025-12-26 00:00:00
510,Rockwell Rodliff,rrodliffe5@berkeley.edu,2026-03-06 00:00:00
511,Astrix Fortesquieu,afortesquieue6@printfriendly.com,2025-09-25 00:00:00
512,Claudio Hammerman,chammermane7@redcross.org,2025-09-26 00:00:00
513,Osbourn Joye,ojoyee8@narod.ru,2025-07-23 00:00:00
514,Davey MacVagh,dmacvaghe9@nba.com,2025-12-03 00:00:00
515,Haywood Alenin,haleninea@ihg.com,2026-02-26 00:00:00
516,Gail Coath,gcoatheb@newyorker.com,2025-06-08 00:00:00
517,Pascale Cockell,pcockellec@paypal.com,2026-03-06 00:00:00
518,Milt Podmore,mpodmoreed@ftc.gov,2025-05-10 00:00:00
519,Anderson Dikle,adikleee@shinystat.com,2025-09-16 00:00:00
520,Vonny Clover,vcloveref@buzzfeed.com,2026-01-26 00:00:00
521,Arie Whatham,awhathameg@cam.ac.uk,2025-12-27 00:00:00
522,Xenia Tidbold,xtidboldeh@networksolutions.com,2025-09-27 00:00:00
523,Nathaniel Suffield,nsuffieldei@reference.com,2025-07-05 00:00:00
524,Aymer Roads,aroadsej@alexa.com,2025-09-16 00:00:00
525,Dinny Bastow,dbastowek@skype.com,2025-05-25 00:00:00
526,Hanna Jansie,hjansieel@joomla.org,2025-12-06 00:00:00
527,Shanon McCafferty,smccaffertyem@msu.edu,2025-12-28 00:00:00
528,Gorden Cormode,gcormodeen@oakley.com,2026-01-12 00:00:00
529,Benn Jobson,bjobsoneo@hubpages.com,2025-08-29 00:00:00
530,Shandie Ojeda,sojedaep@ow.ly,2025-04-01 00:00:00
531,Harcourt Winckworth,hwinckwortheq@hc360.com,2026-02-12 00:00:00
532,Frieda Rumke,frumkeer@wikipedia.org,2025-06-10 00:00:00
533,Ahmed Kennicott,akennicottes@answers.com,2025-05-21 00:00:00
534,Krishna Goodsal,kgoodsalet@canalblog.com,2026-02-20 00:00:00
535,Carolyn Kingsford,ckingsfordeu@phoca.cz,2025-11-18 00:00:00
536,Tabina Culver,tculverev@yahoo.co.jp,2025-12-14 00:00:00
537,Hansiain Counsell,hcounsellew@tinyurl.com,2025-07-31 00:00:00
538,Sallyanne Lamshead,slamsheadex@goo.gl,2025-04-14 00:00:00
539,Creighton McDunlevy,cmcdunlevyey@mit.edu,2026-02-14 00:00:00
540,Galen Parmenter,gparmenterez@163.com,2025-10-27 00:00:00
541,Arni Shales,ashalesf0@youtu.be,2025-04-12 00:00:00
542,Rosalyn MacVagh,rmacvaghf1@soundcloud.com,2025-06-04 00:00:00
543,Brady Robertson,brobertsonf2@pinterest.com,2025-05-06 00:00:00
544,Pavla Ingham,pinghamf3@gov.uk,2025-08-16 00:00:00
545,Marga Torre,mtorref4@bloglovin.com,2025-07-22 00:00:00
546,Dexter Rakes,drakesf5@go.com,2025-10-10 00:00:00
547,Arabella Churchward,achurchwardf6@soup.io,2025-06-22 00:00:00
548,Harmony Hegge,hheggef7@comsenz.com,2025-10-18 00:00:00
549,Jamie Gleder,jglederf8@yellowpages.com,2025-05-19 00:00:00
550,Maud Mingasson,mmingassonf9@yolasite.com,2025-06-08 00:00:00
551,Sela Revely,srevelyfa@blogtalkradio.com,2025-05-31 00:00:00
552,Sherlocke Slyde,sslydefb@oracle.com,2026-02-01 00:00:00
553,Biron Jeanesson,bjeanessonfc@geocities.jp,2026-03-08 00:00:00
554,Jerrie Halahan,jhalahanfd@oracle.com,2025-12-20 00:00:00
555,Wade Caig,wcaigfe@lycos.com,2025-04-18 00:00:00
556,Winifred Scini,wsciniff@home.pl,2025-10-23 00:00:00
557,Nappy Brummell,nbrummellfg@washington.edu,2025-05-22 00:00:00
558,Ardyth Lepere,aleperefh@telegraph.co.uk,2025-07-02 00:00:00
559,Linus Goggin,lgogginfi@themeforest.net,2025-12-31 00:00:00
560,Morse Boak,mboakfj@globo.com,2026-01-07 00:00:00
561,Dorotea Chartman,dchartmanfk@discuz.net,2025-03-20 00:00:00
562,Maxy O' Finan,mofl@tmall.com,2025-08-18 00:00:00
563,Tiebout Quittonden,tquittondenfm@g.co,2025-12-07 00:00:00
564,Betty Larkkem,blarkkemfn@gizmodo.com,2025-03-20 00:00:00
565,Ciel Gilliat,cgilliatfo@canalblog.com,2025-06-16 00:00:00
566,Eveleen Hedger,ehedgerfp@cpanel.net,2025-06-29 00:00:00
567,Clerissa Tukely,ctukelyfq@skype.com,2025-10-17 00:00:00
568,Cherrita Vanetti,cvanettifr@squidoo.com,2025-09-04 00:00:00
569,Aldous Benduhn,abenduhnfs@boston.com,2025-10-27 00:00:00
570,Rachel Erangy,rerangyft@deliciousdays.com,2025-10-06 00:00:00
571,Celia Kybert,ckybertfu@nyu.edu,2025-05-31 00:00:00
572,Keely Weems,kweemsfv@bbb.org,2025-11-21 00:00:00
573,Davidde Pullinger,dpullingerfw@sciencedirect.com,2025-07-20 00:00:00
574,Gisela Dumbrall,gdumbrallfx@digg.com,2025-03-26 00:00:00
575,Sibyl Anstiss,sanstissfy@vinaora.com,2025-05-18 00:00:00
576,Jemie Frowing,jfrowingfz@rediff.com,2025-08-12 00:00:00
577,Saleem Bowart,sbowartg0@github.com,2025-09-23 00:00:00
578,Sophie Ailmer,sailmerg1@nydailynews.com,2025-05-01 00:00:00
579,Gris Heimes,gheimesg2@marketwatch.com,2026-01-01 00:00:00
580,Shena Riply,sriplyg3@eventbrite.com,2025-11-30 00:00:00
581,Kimble Mooreed,kmooreedg4@eventbrite.com,2025-10-28 00:00:00
582,Burl Portam,bportamg5@facebook.com,2026-01-18 00:00:00
583,Belia Ghio,bghiog6@webeden.co.uk,2025-07-14 00:00:00
584,Bernetta Harrap,bharrapg7@businessinsider.com,2025-09-16 00:00:00
585,Kerwin Croley,kcroleyg8@scribd.com,2025-09-23 00:00:00
586,Somerset Yarr,syarrg9@wisc.edu,2025-10-21 00:00:00
587,Jemie Glasscoe,jglasscoega@elpais.com,2025-08-29 00:00:00
588,Jethro Kynton,jkyntongb@foxnews.com,2025-07-19 00:00:00
589,Flossi Carswell,fcarswellgc@umich.edu,2025-08-14 00:00:00
590,Juliet Zarfat,jzarfatgd@time.com,2025-09-02 00:00:00
591,Juieta McEvoy,jmcevoyge@harvard.edu,2025-04-05 00:00:00
592,Irena Loffhead,iloffheadgf@latimes.com,2025-05-31 00:00:00
593,Edwin Qusklay,equsklaygg@flavors.me,2025-10-22 00:00:00
594,Emanuele Gallymore,egallymoregh@google.com,2025-07-13 00:00:00
595,Rodi Tracy,rtracygi@unesco.org,2025-05-26 00:00:00
596,Pattin Springthorp,pspringthorpgj@aol.com,2025-10-24 00:00:00
597,Murial Pragnall,mpragnallgk@amazon.co.uk,2026-01-18 00:00:00
598,Dode Yorston,dyorstongl@independent.co.uk,2025-09-19 00:00:00
599,Loree Gierok,lgierokgm@sina.com.cn,2025-10-18 00:00:00
600,Deana Jellico,djellicogn@booking.com,2025-04-27 00:00:00
601,Torey Roughsedge,troughsedgego@ucoz.ru,2025-06-15 00:00:00
602,Birdie Hazeldean,bhazeldeangp@dailymotion.com,2025-06-29 00:00:00
603,Xenia Duckerin,xduckeringq@angelfire.com,2025-08-13 00:00:00
604,Timothy Richold,tricholdgr@odnoklassniki.ru,2025-07-12 00:00:00
605,Ezechiel Ramplee,erampleegs@biblegateway.com,2025-08-16 00:00:00
606,Faulkner Pretor,fpretorgt@hatena.ne.jp,2026-01-09 00:00:00
607,Cortney Smithson,csmithsongu@ca.gov,2025-11-30 00:00:00
608,Peg Stokoe,pstokoegv@twitpic.com,2026-02-14 00:00:00
609,Lola Clampe,lclampegw@free.fr,2025-10-12 00:00:00
610,Stacee O'Daly,sodalygx@amazon.de,2026-01-18 00:00:00
611,Katy Grantham,kgranthamgy@t.co,2025-04-02 00:00:00
612,Billie Maidens,bmaidensgz@nationalgeographic.com,2025-10-26 00:00:00
613,Aland Ferrotti,aferrottih0@livejournal.com,2025-08-14 00:00:00
614,Jermaine Heigl,jheiglh1@nbcnews.com,2025-04-02 00:00:00
615,Viviana Hamblett,vhambletth2@myspace.com,2025-03-21 00:00:00
616,Niki Cleen,ncleenh3@hud.gov,2026-03-10 00:00:00
617,Cull Manton,cmantonh4@amazonaws.com,2025-11-26 00:00:00
618,Arleyne Hindhaugh,ahindhaughh5@fda.gov,2025-08-03 00:00:00
619,Mick Larner,mlarnerh6@1und1.de,2026-01-06 00:00:00
620,Nollie Maas,nmaash7@artisteer.com,2025-12-28 00:00:00
621,Hymie Posvner,hposvnerh8@devhub.com,2025-11-06 00:00:00
622,Alix Le-Good,alegoodh9@businesswire.com,2025-08-05 00:00:00
623,Gennie Fley,gfleyha@mashable.com,2025-06-14 00:00:00
624,Morry Pettus,mpettushb@moonfruit.com,2025-09-14 00:00:00
625,Ambrosio Starkings,astarkingshc@bbc.co.uk,2025-04-21 00:00:00
626,Alister Pilling,apillinghd@salon.com,2025-09-29 00:00:00
627,Ynez Jarmain,yjarmainhe@arstechnica.com,2026-03-09 00:00:00
628,Cristie Babidge,cbabidgehf@slideshare.net,2025-04-17 00:00:00
629,Alexa Comsty,acomstyhg@ihg.com,2025-06-14 00:00:00
630,Marcel Tibols,mtibolshh@eventbrite.com,2025-11-01 00:00:00
631,Amery Tichner,atichnerhi@webeden.co.uk,2025-12-11 00:00:00
632,Valentia Million,vmillionhj@google.fr,2026-02-07 00:00:00
633,Yehudi Heavens,yheavenshk@wix.com,2025-12-22 00:00:00
634,Gill Quigley,gquigleyhl@yolasite.com,2025-11-22 00:00:00
635,Ailina Balf,abalfhm@adobe.com,2025-06-22 00:00:00
636,Jeffrey Mickelwright,jmickelwrighthn@europa.eu,2025-10-16 00:00:00
637,Terese Cordingley,tcordingleyho@marketwatch.com,2025-09-06 00:00:00
638,Vassily Slayton,vslaytonhp@spotify.com,2025-08-14 00:00:00
639,Joy Zisneros,jzisneroshq@cbsnews.com,2025-10-31 00:00:00
640,Ashley Kienlein,akienleinhr@chronoengine.com,2025-12-11 00:00:00
641,Sande Gokes,sgokeshs@independent.co.uk,2025-08-03 00:00:00
642,Chantalle O'Keefe,cokeefeht@blogs.com,2025-06-01 00:00:00
643,Bridgette Massingham,bmassinghamhu@alexa.com,2025-07-17 00:00:00
644,Titus Blanch,tblanchhv@cisco.com,2026-02-21 00:00:00
645,Gabriellia Bellow,gbellowhw@state.tx.us,2025-07-12 00:00:00
646,Dulciana Brister,dbristerhx@jigsy.com,2025-10-15 00:00:00
647,Amabel Bowler,abowlerhy@prweb.com,2025-11-14 00:00:00
648,Torr Odd,toddhz@fema.gov,2025-09-11 00:00:00
649,Korey Bansal,kbansali0@mashable.com,2025-10-12 00:00:00
650,Trudi Piell,tpielli1@google.de,2025-05-27 00:00:00
651,Ludwig Wisniewski,lwisniewskii2@webeden.co.uk,2026-01-02 00:00:00
652,Beaufort Kirgan,bkirgani3@printfriendly.com,2026-02-11 00:00:00
653,Natty Santry,nsantryi4@fema.gov,2026-02-24 00:00:00
654,Timmy Pickles,tpicklesi5@gmpg.org,2025-07-02 00:00:00
655,Quintina Thorlby,qthorlbyi6@kickstarter.com,2026-03-04 00:00:00
656,Christopher Oldacre,coldacrei7@wired.com,2026-02-14 00:00:00
657,Garrett Tellwright,gtellwrighti8@tripadvisor.com,2025-05-17 00:00:00
658,Jami Fishbourne,jfishbournei9@webnode.com,2025-06-21 00:00:00
659,Trudie Grinnikov,tgrinnikovia@shareasale.com,2025-11-14 00:00:00
660,Marlyn Borton,mbortonib@geocities.com,2025-03-29 00:00:00
661,Mindy De Dantesie,mdeic@trellian.com,2026-01-18 00:00:00
662,Rafe Gaskal,rgaskalid@vinaora.com,2025-04-30 00:00:00
663,Alisun Kirkpatrick,akirkpatrickie@miibeian.gov.cn,2025-11-30 00:00:00
664,Phaedra Yockney,pyockneyif@1und1.de,2025-05-26 00:00:00
665,Nissie Patridge,npatridgeig@indiatimes.com,2026-01-24 00:00:00
666,Amabel Bussens,abussensih@mail.ru,2025-12-06 00:00:00
667,Anni McIlmorie,amcilmorieii@marriott.com,2026-01-26 00:00:00
668,Georgeanne Badland,gbadlandij@tinyurl.com,2025-10-26 00:00:00
669,Francyne Weinmann,fweinmannik@de.vu,2025-10-15 00:00:00
670,Auberon Salvadore,asalvadoreil@trellian.com,2025-10-29 00:00:00
671,Rock Willingham,rwillinghamim@youku.com,2025-05-15 00:00:00
672,Devan Bartholomieu,dbartholomieuin@upenn.edu,2025-06-16 00:00:00
673,Obadiah Stilldale,ostilldaleio@wiley.com,2025-06-14 00:00:00
674,Farica Hallward,fhallwardip@biblegateway.com,2025-03-30 00:00:00
675,Ashley D'Orsay,adorsayiq@shareasale.com,2025-07-01 00:00:00
676,Nanon Tinsley,ntinsleyir@webmd.com,2025-07-01 00:00:00
677,Rivy Ferencowicz,rferencowiczis@pcworld.com,2025-09-13 00:00:00
678,Sunshine Clamp,sclampit@163.com,2026-02-27 00:00:00
679,Thadeus Denyer,tdenyeriu@ftc.gov,2025-11-10 00:00:00
680,Kelvin Lambregts,klambregtsiv@abc.net.au,2025-03-28 00:00:00
681,Haskel Candish,hcandishiw@buzzfeed.com,2026-01-02 00:00:00
682,Karlie Wehden,kwehdenix@unc.edu,2025-07-20 00:00:00
683,Carlie Somerled,csomerlediy@cbc.ca,2025-04-23 00:00:00
684,Milli Doble,mdobleiz@jugem.jp,2025-07-21 00:00:00
685,Griff Casaro,gcasaroj0@prweb.com,2025-12-12 00:00:00
686,Blane Cuttelar,bcuttelarj1@alexa.com,2025-04-08 00:00:00
687,Cammy Lander,clanderj2@amazonaws.com,2026-01-04 00:00:00
688,Eden Skirvin,eskirvinj3@ocn.ne.jp,2026-01-20 00:00:00
689,Leilah Twiddle,ltwiddlej4@joomla.org,2025-05-26 00:00:00
690,Shaylyn Bilborough,sbilboroughj5@github.com,2025-06-24 00:00:00
691,Arnie Connealy,aconnealyj6@buzzfeed.com,2025-06-02 00:00:00
692,Gardner Poyner,gpoynerj7@123-reg.co.uk,2025-11-30 00:00:00
693,Rozalin Ligertwood,rligertwoodj8@soundcloud.com,2025-08-10 00:00:00
694,Gillie Olliffe,golliffej9@google.es,2025-09-19 00:00:00
695,Cchaddie Petrakov,cpetrakovja@vistaprint.com,2025-08-05 00:00:00
696,Myrtle Bernucci,mbernuccijb@1und1.de,2026-02-16 00:00:00
697,Agnella Braidon,abraidonjc@bluehost.com,2026-01-14 00:00:00
698,Samuel Pinke,spinkejd@nytimes.com,2025-12-04 00:00:00
699,Abagael Broxholme,abroxholmeje@godaddy.com,2026-02-13 00:00:00
700,Sampson Kerfoot,skerfootjf@ibm.com,2026-02-19 00:00:00
701,Coletta Bonhan,cbonhanjg@myspace.com,2025-07-05 00:00:00
702,Olav Wiper,owiperjh@youtube.com,2025-06-02 00:00:00
703,Joly Beddow,jbeddowji@kickstarter.com,2026-03-09 00:00:00
704,Ricca Mustoe,rmustoejj@seesaa.net,2025-11-18 00:00:00
705,Rustie Toquet,rtoquetjk@cdbaby.com,2025-06-24 00:00:00
706,Sylvia O'Toole,sotoolejl@independent.co.uk,2025-10-02 00:00:00
707,Issie Sillick,isillickjm@unesco.org,2025-10-22 00:00:00
708,Andria Ferraro,aferrarojn@gov.uk,2025-03-13 00:00:00
709,Franny Grinov,fgrinovjo@tripadvisor.com,2025-03-15 00:00:00
710,Ilyssa Tyhurst,ityhurstjp@tmall.com,2026-01-20 00:00:00
711,Jaine Brimmicombe,jbrimmicombejq@thetimes.co.uk,2025-07-02 00:00:00
712,Beulah Mulles,bmullesjr@spotify.com,2025-11-13 00:00:00
713,Gram Thring,gthringjs@arizona.edu,2025-07-23 00:00:00
714,Elly Vogelein,evogeleinjt@hp.com,2025-09-23 00:00:00
715,Clint Londesborough,clondesboroughju@ezinearticles.com,2025-10-05 00:00:00
716,Thedric Kingscote,tkingscotejv@europa.eu,2025-07-29 00:00:00
717,Reggis Fallen,rfallenjw@yale.edu,2025-06-30 00:00:00
718,Inger Fayer,ifayerjx@ning.com,2025-12-08 00:00:00
719,Edward Virgo,evirgojy@google.cn,2025-05-22 00:00:00
720,Sheelah Middlebrook,smiddlebrookjz@independent.co.uk,2025-05-11 00:00:00
721,Nil McAllister,nmcallisterk0@ibm.com,2025-08-22 00:00:00
722,Romain Matuszewski,rmatuszewskik1@wisc.edu,2025-09-02 00:00:00
723,Hobey Litterick,hlitterickk2@scientificamerican.com,2025-09-06 00:00:00
724,Yule Fitzsimons,yfitzsimonsk3@irs.gov,2025-11-10 00:00:00
725,Aaren McGrotty,amcgrottyk4@twitpic.com,2026-02-20 00:00:00
726,Silvie Pettyfer,spettyferk5@mayoclinic.com,2025-06-21 00:00:00
727,Hollis Risebrow,hrisebrowk6@spotify.com,2026-01-16 00:00:00
728,Broddie Manhare,bmanharek7@mail.ru,2025-11-29 00:00:00
729,Aubree Leehane,aleehanek8@flickr.com,2025-08-13 00:00:00
730,Cherin Chace,cchacek9@economist.com,2026-02-21 00:00:00
731,Janot Caddock,jcaddockka@cam.ac.uk,2025-07-11 00:00:00
732,Mendie Acres,macreskb@macromedia.com,2025-12-23 00:00:00
733,Isidoro Mounter,imounterkc@networksolutions.com,2025-03-16 00:00:00
734,Bradney Corgenvin,bcorgenvinkd@networksolutions.com,2026-02-25 00:00:00
735,Mandie Card,mcardke@patch.com,2025-08-16 00:00:00
736,Veronique Dymocke,vdymockekf@ifeng.com,2026-02-10 00:00:00
737,Georgiana Duchant,gduchantkg@gov.uk,2025-11-02 00:00:00
738,Janetta Padefield,jpadefieldkh@google.it,2025-11-24 00:00:00
739,Jewelle Feeney,jfeeneyki@last.fm,2025-11-28 00:00:00
740,Piggy McKennan,pmckennankj@digg.com,2025-07-01 00:00:00
741,Renee Heditch,rheditchkk@multiply.com,2025-03-14 00:00:00
742,Arlee Medd,ameddkl@behance.net,2025-08-17 00:00:00
743,Mariele Seckom,mseckomkm@bizjournals.com,2025-03-22 00:00:00
744,Justinn Danson,jdansonkn@reverbnation.com,2025-09-23 00:00:00
745,Vinita Lafrentz,vlafrentzko@instagram.com,2025-04-21 00:00:00
746,Laurene Gerold,lgeroldkp@state.tx.us,2025-10-26 00:00:00
747,Riccardo Chaffen,rchaffenkq@soundcloud.com,2025-06-24 00:00:00
748,Analise Domleo,adomleokr@spiegel.de,2025-05-16 00:00:00
749,Ebony Watts,ewattsks@nature.com,2025-12-29 00:00:00
750,Fredelia Lowthorpe,flowthorpekt@yellowpages.com,2025-07-10 00:00:00
751,Janith Verny,jvernyku@hugedomains.com,2025-08-18 00:00:00
752,Lida Malpass,lmalpasskv@adobe.com,2025-11-09 00:00:00
753,Wiley Ratledge,wratledgekw@sbwire.com,2025-06-25 00:00:00
754,Brigham Gyse,bgysekx@cdbaby.com,2026-02-15 00:00:00
755,Ogdan Brumen,obrumenky@yale.edu,2026-03-02 00:00:00
756,Papagena Mailey,pmaileykz@seesaa.net,2025-11-12 00:00:00
757,Romeo Koppens,rkoppensl0@posterous.com,2025-04-27 00:00:00
758,Dulcine Dailly,ddaillyl1@mozilla.org,2025-09-13 00:00:00
759,Gan Ropcke,gropckel2@hexun.com,2025-08-20 00:00:00
760,Melodie Edgar,medgarl3@cbslocal.com,2025-05-25 00:00:00
761,Riccardo Haughin,rhaughinl4@foxnews.com,2025-08-14 00:00:00
762,Stinky Elgy,selgyl5@cloudflare.com,2025-05-01 00:00:00
763,Carlotta Wake,cwakel6@simplemachines.org,2025-09-20 00:00:00
764,Agosto Ransfield,aransfieldl7@jiathis.com,2025-07-29 00:00:00
765,Carley Tierny,ctiernyl8@forbes.com,2026-02-18 00:00:00
766,Gardy Coopper,gcoopperl9@omniture.com,2025-04-30 00:00:00
767,Osbourn Truran,otruranla@ucsd.edu,2025-06-15 00:00:00
768,Meggi Sprouls,msproulslb@yellowpages.com,2026-02-09 00:00:00
769,Rodney Lorman,rlormanlc@cargocollective.com,2025-03-28 00:00:00
770,Pippo Jolliman,pjollimanld@cnbc.com,2025-04-27 00:00:00
771,Katha Persey,kperseyle@nhs.uk,2025-09-25 00:00:00
772,Brandon Hallgalley,bhallgalleylf@spotify.com,2026-03-08 00:00:00
773,Chaddy Waggett,cwaggettlg@amazon.co.jp,2026-01-05 00:00:00
774,Brantley Piens,bpienslh@people.com.cn,2026-02-18 00:00:00
775,Lindie Sawyer,lsawyerli@spiegel.de,2025-11-23 00:00:00
776,Evvie Werndly,ewerndlylj@state.tx.us,2026-03-04 00:00:00
777,Catharina Heinecke,cheineckelk@gnu.org,2025-03-31 00:00:00
778,Jamil Crippin,jcrippinll@hibu.com,2025-03-20 00:00:00
779,Pru Hurndall,phurndalllm@skyrock.com,2025-03-16 00:00:00
780,Sheridan Vicarey,svicareyln@cbslocal.com,2026-01-08 00:00:00
781,Corrianne Talmadge,ctalmadgelo@nhs.uk,2025-04-25 00:00:00
782,Mallory Selby,mselbylp@fc2.com,2025-09-25 00:00:00
783,Hube Lepere,hleperelq@house.gov,2025-09-25 00:00:00
784,Neille Daouze,ndaouzelr@amazon.de,2025-04-18 00:00:00
785,Robbie Iacovo,riacovols@myspace.com,2025-04-28 00:00:00
786,Markos Fairpo,mfairpolt@rediff.com,2025-09-09 00:00:00
787,Alie Heliar,aheliarlu@symantec.com,2025-06-28 00:00:00
788,Fania Greeve,fgreevelv@phpbb.com,2025-04-27 00:00:00
789,Merwyn Rodbourne,mrodbournelw@google.cn,2025-07-03 00:00:00
790,Dorelia Tonbridge,dtonbridgelx@zdnet.com,2025-07-16 00:00:00
791,Georg Bullimore,gbullimorely@alibaba.com,2025-03-22 00:00:00
792,Ofella Ruoff,oruofflz@weebly.com,2025-04-18 00:00:00
793,Cleavland Broseman,cbrosemanm0@newyorker.com,2025-12-20 00:00:00
794,Reina Gumly,rgumlym1@stumbleupon.com,2025-04-08 00:00:00
795,Darcey Latour,dlatourm2@apple.com,2025-06-05 00:00:00
796,Corrie d'Escoffier,cdescoffierm3@goo.ne.jp,2025-11-16 00:00:00
797,Peyter Hinners,phinnersm4@biblegateway.com,2025-09-26 00:00:00
798,Lilias Godon,lgodonm5@microsoft.com,2025-06-11 00:00:00
799,Aggy Easom,aeasomm6@google.com.au,2025-04-22 00:00:00
800,Jacky Mulqueeny,jmulqueenym7@example.com,2025-12-12 00:00:00
801,Rorie Blockwell,rblockwellm8@purevolume.com,2025-09-14 00:00:00
802,Woodie Cantua,wcantuam9@google.pl,2025-12-20 00:00:00
803,Blakelee Sture,bsturema@rambler.ru,2026-01-27 00:00:00
804,Tamarah Mattea,tmatteamb@amazon.de,2025-11-24 00:00:00
805,Burty Aslum,baslummc@goo.ne.jp,2025-04-19 00:00:00
806,Tallou Blasio,tblasiomd@bloomberg.com,2026-01-24 00:00:00
807,Jo-ann Elden,jeldenme@slate.com,2025-06-09 00:00:00
808,Norina Di Batista,ndimf@go.com,2025-06-19 00:00:00
809,Berny Duguid,bduguidmg@rakuten.co.jp,2025-12-19 00:00:00
810,Binky Lorrie,blorriemh@parallels.com,2025-06-06 00:00:00
811,Iver Edon,iedonmi@ustream.tv,2025-06-18 00:00:00
812,Tudor Porker,tporkermj@ezinearticles.com,2025-09-07 00:00:00
813,Carmina Gofforth,cgofforthmk@dagondesign.com,2025-03-16 00:00:00
814,Timotheus Tunaclift,ttunacliftml@reuters.com,2025-03-16 00:00:00
815,Chicky Woodhead,cwoodheadmm@google.cn,2025-03-13 00:00:00
816,Gianina Winscom,gwinscommn@irs.gov,2025-12-20 00:00:00
817,Buffy Leadley,bleadleymo@1688.com,2026-02-16 00:00:00
818,Etheline Pattie,epattiemp@storify.com,2025-03-28 00:00:00
819,Catriona Linthead,clintheadmq@amazon.com,2025-09-10 00:00:00
820,Padgett Mulleary,pmullearymr@baidu.com,2025-05-26 00:00:00
821,Kristoffer Kewish,kkewishms@moonfruit.com,2025-04-15 00:00:00
822,Nollie Sparshett,nsparshettmt@cnbc.com,2025-12-30 00:00:00
823,Haleigh Witherden,hwitherdenmu@mtv.com,2025-07-06 00:00:00
824,Erminia Beckey,ebeckeymv@nih.gov,2025-12-31 00:00:00
825,Devinne Samet,dsametmw@goodreads.com,2026-01-10 00:00:00
826,Abdel Shakesby,ashakesbymx@fema.gov,2025-10-07 00:00:00
827,Drucie Sikorski,dsikorskimy@ca.gov,2025-05-13 00:00:00
828,Elladine Malling,emallingmz@un.org,2025-09-07 00:00:00
829,Jeremie Pember,jpembern0@discovery.com,2025-10-13 00:00:00
830,Hunt Batterton,hbattertonn1@miibeian.gov.cn,2025-06-20 00:00:00
831,Gayel Riddiford,griddifordn2@guardian.co.uk,2025-09-02 00:00:00
832,Kerry Shiel,kshieln3@ucoz.com,2025-12-28 00:00:00
833,Stacee Bendix,sbendixn4@hostgator.com,2026-01-01 00:00:00
834,Murial Dedman,mdedmann5@people.com.cn,2025-07-07 00:00:00
835,Domeniga Woolford,dwoolfordn6@goodreads.com,2026-03-02 00:00:00
836,Allard Thewles,athewlesn7@networkadvertising.org,2026-01-16 00:00:00
837,Taddeusz Laurentin,tlaurentinn8@github.io,2026-03-05 00:00:00
838,Clarence Justham,cjusthamn9@cnet.com,2025-10-18 00:00:00
839,Casie De Paepe,cdena@timesonline.co.uk,2025-07-03 00:00:00
840,Dennie Austin,daustinnb@who.int,2026-02-25 00:00:00
841,Philly Burchess,pburchessnc@biglobe.ne.jp,2025-06-18 00:00:00
842,Henrietta Hartegan,hhartegannd@shop-pro.jp,2025-05-28 00:00:00
843,Feodor Baniard,fbaniardne@xrea.com,2025-07-16 00:00:00
844,Kacie Ettritch,kettritchnf@ocn.ne.jp,2025-04-15 00:00:00
845,Mayer Gerardin,mgerardinng@archive.org,2026-02-08 00:00:00
846,Renato Erlam,rerlamnh@hibu.com,2025-08-18 00:00:00
847,Kipp Costigan,kcostiganni@whitehouse.gov,2025-05-06 00:00:00
848,Torrance Mico,tmiconj@nps.gov,2026-01-21 00:00:00
849,Abramo Brunner,abrunnernk@discovery.com,2025-06-15 00:00:00
850,Tymon Doyle,tdoylenl@canalblog.com,2025-10-10 00:00:00
851,Nissie Olliver,nollivernm@hostgator.com,2026-02-08 00:00:00
852,Valentia Napoleon,vnapoleonnn@unesco.org,2026-02-11 00:00:00
853,Sondra Konerding,skonerdingno@amazon.de,2025-10-10 00:00:00
854,Riva Cowburn,rcowburnnp@usnews.com,2025-04-13 00:00:00
855,Judith Iwaszkiewicz,jiwaszkiewicznq@sina.com.cn,2025-04-14 00:00:00
856,Kirbie Sonley,ksonleynr@discovery.com,2025-08-31 00:00:00
857,Mellisent Malden,mmaldenns@jigsy.com,2025-11-27 00:00:00
858,Derrek Ranner,drannernt@mapy.cz,2026-01-23 00:00:00
859,Arden Gimert,agimertnu@biglobe.ne.jp,2025-11-05 00:00:00
860,Phebe Saunt,psauntnv@mozilla.org,2025-10-09 00:00:00
861,Olag Stonhewer,ostonhewernw@digg.com,2025-07-29 00:00:00
862,Riva Growy,rgrowynx@51.la,2025-12-17 00:00:00
863,Belicia Fould,bfouldny@house.gov,2025-03-17 00:00:00
864,Melinda Toulson,mtoulsonnz@europa.eu,2025-12-08 00:00:00
865,Nancy Bodley,nbodleyo0@statcounter.com,2026-01-18 00:00:00
866,Eugine Arno,earnoo1@independent.co.uk,2026-02-22 00:00:00
867,Thom Fiddiman,tfiddimano2@google.es,2025-12-30 00:00:00
868,Valle Umbert,vumberto3@dailymail.co.uk,2025-09-02 00:00:00
869,Consuelo Wiburn,cwiburno4@webeden.co.uk,2025-05-07 00:00:00
870,Boyce Dalley,bdalleyo5@cbc.ca,2025-08-08 00:00:00
871,Kristyn Heatly,kheatlyo6@discovery.com,2026-02-19 00:00:00
872,Nowell Grebbin,ngrebbino7@nydailynews.com,2025-10-24 00:00:00
873,Leicester Bromehead,lbromeheado8@canalblog.com,2025-04-03 00:00:00
874,Edgard Mancer,emancero9@reverbnation.com,2026-01-04 00:00:00
875,Patrizius Raffels,praffelsoa@netvibes.com,2026-01-05 00:00:00
876,Ashlee Craw,acrawob@intel.com,2025-03-16 00:00:00
877,Bernadette Glenn,bglennoc@wired.com,2025-04-02 00:00:00
878,Vilma Edsell,vedsellod@w3.org,2025-08-30 00:00:00
879,Happy Seywood,hseywoodoe@nationalgeographic.com,2025-08-02 00:00:00
880,Wendell De Giovanni,wdeof@shinystat.com,2026-02-10 00:00:00
881,Clevie Sunshine,csunshineog@clickbank.net,2025-08-04 00:00:00
882,Iorgo Breese,ibreeseoh@booking.com,2026-01-03 00:00:00
883,Vic Traviss,vtravissoi@rakuten.co.jp,2026-03-05 00:00:00
884,Anette Easton,aeastonoj@narod.ru,2025-04-22 00:00:00
885,Renault Wissbey,rwissbeyok@cdbaby.com,2025-11-02 00:00:00
886,Catrina Konke,ckonkeol@nature.com,2025-12-04 00:00:00
887,Shaine Pietri,spietriom@seattletimes.com,2025-04-19 00:00:00
888,Paulo Juniper,pjuniperon@usnews.com,2026-01-25 00:00:00
889,Christophorus Drinkhall,cdrinkhalloo@go.com,2026-02-25 00:00:00
890,Paquito Michin,pmichinop@vkontakte.ru,2025-03-27 00:00:00
891,Yuri McPeeters,ymcpeetersoq@alibaba.com,2025-09-26 00:00:00
892,Philis Muscat,pmuscator@kickstarter.com,2025-04-24 00:00:00
893,Fanny Ramsted,framstedos@nifty.com,2025-03-18 00:00:00
894,Angie Swanbourne,aswanbourneot@icio.us,2025-10-25 00:00:00
895,Quintus Scroggins,qscrogginsou@sitemeter.com,2025-10-11 00:00:00
896,Merle Ismirnioglou,mismirnioglouov@zdnet.com,2026-01-08 00:00:00
897,Essa Kenvin,ekenvinow@hostgator.com,2025-05-31 00:00:00
898,Cherise Benting,cbentingox@uol.com.br,2025-07-16 00:00:00
899,Carly Bendix,cbendixoy@mit.edu,2026-01-03 00:00:00
900,Dougie Sollime,dsollimeoz@rambler.ru,2026-01-24 00:00:00
901,Austin Schlagman,aschlagmanp0@netlog.com,2025-03-21 00:00:00
902,Robers Castelin,rcastelinp1@mit.edu,2025-04-20 00:00:00
903,Sydney Leades,sleadesp2@theatlantic.com,2025-06-15 00:00:00
904,Frayda Samwyse,fsamwysep3@ucoz.com,2025-05-19 00:00:00
905,Madeleine Carrabott,mcarrabottp4@samsung.com,2025-05-31 00:00:00
906,Benni Gumley,bgumleyp5@marketwatch.com,2025-09-23 00:00:00
907,Issi Bosanko,ibosankop6@1688.com,2025-03-12 00:00:00
908,Deana Houten,dhoutenp7@nydailynews.com,2025-08-06 00:00:00
909,Coralyn Pettigree,cpettigreep8@plala.or.jp,2025-12-06 00:00:00
910,Martainn Cornewell,mcornewellp9@yelp.com,2025-08-24 00:00:00
911,Beverley Greenshields,bgreenshieldspa@cisco.com,2026-02-03 00:00:00
912,Rex Stanbro,rstanbropb@java.com,2025-12-24 00:00:00
913,Nial Beddow,nbeddowpc@arizona.edu,2025-11-05 00:00:00
914,Dara Penticost,dpenticostpd@4shared.com,2025-05-17 00:00:00
915,Terri-jo Beckhurst,tbeckhurstpe@meetup.com,2025-07-04 00:00:00
916,Merry Bolte,mboltepf@reuters.com,2025-08-12 00:00:00
917,Vanda Scranedge,vscranedgepg@sun.com,2025-07-13 00:00:00
918,Stephan Ridger,sridgerph@stanford.edu,2025-03-13 00:00:00
919,Davey Sextie,dsextiepi@dedecms.com,2025-08-14 00:00:00
920,Otes Bettridge,obettridgepj@taobao.com,2026-02-07 00:00:00
921,Bobbie Gomme,bgommepk@tiny.cc,2025-09-09 00:00:00
922,Doralia Showen,dshowenpl@washington.edu,2025-11-04 00:00:00
923,Bonnie Van den Oord,bvanpm@deliciousdays.com,2025-03-16 00:00:00
924,Wesley Garmston,wgarmstonpn@google.de,2025-12-07 00:00:00
925,Janna Eaden,jeadenpo@youku.com,2026-03-08 00:00:00
926,Austin MacTrustey,amactrusteypp@ehow.com,2025-05-09 00:00:00
927,Court Aynold,caynoldpq@techcrunch.com,2025-08-11 00:00:00
928,Royal Vasyutichev,rvasyutichevpr@businesswire.com,2026-03-03 00:00:00
929,Ruthanne Jenking,rjenkingps@dion.ne.jp,2025-10-25 00:00:00
930,Zorine Strongman,zstrongmanpt@weebly.com,2026-02-02 00:00:00
931,Adelina Scedall,ascedallpu@creativecommons.org,2025-06-12 00:00:00
932,Kirsti Ismail,kismailpv@marriott.com,2025-09-17 00:00:00
933,Michail Dufour,mdufourpw@economist.com,2026-02-12 00:00:00
934,Maris Chislett,mchislettpx@nbcnews.com,2026-02-15 00:00:00
935,Sonnie Emanuel,semanuelpy@ucsd.edu,2025-10-27 00:00:00
936,Nealon Sperling,nsperlingpz@nhs.uk,2026-01-04 00:00:00
937,Henka Girkins,hgirkinsq0@adobe.com,2026-01-16 00:00:00
938,Cynthia Leyes,cleyesq1@phoca.cz,2025-05-29 00:00:00
939,Opal Presslie,opresslieq2@indiatimes.com,2025-05-04 00:00:00
940,Maddalena Annand,mannandq3@eepurl.com,2025-06-02 00:00:00
941,Lilah Siverns,lsivernsq4@livejournal.com,2025-06-11 00:00:00
942,Gracie Slafford,gslaffordq5@surveymonkey.com,2025-07-26 00:00:00
943,Georgetta Sowthcote,gsowthcoteq6@house.gov,2025-12-20 00:00:00
944,Raphael Margetson,rmargetsonq7@g.co,2025-10-22 00:00:00
945,Jemmie Bowley,jbowleyq8@ucoz.com,2026-03-05 00:00:00
946,Fee Chappell,fchappellq9@tumblr.com,2025-11-24 00:00:00
947,Gianna Doak,gdoakqa@marriott.com,2025-05-17 00:00:00
948,Dorian Mahy,dmahyqb@blogs.com,2025-08-23 00:00:00
949,Dallon de Keep,ddeqc@prweb.com,2025-11-26 00:00:00
950,Beitris Trueman,btruemanqd@bing.com,2025-10-02 00:00:00
951,Jobie Ceney,jceneyqe@youtube.com,2025-07-15 00:00:00
952,Julianna Harniman,jharnimanqf@wunderground.com,2025-05-09 00:00:00
953,Esmaria Grealey,egrealeyqg@omniture.com,2025-04-03 00:00:00
954,Malena Eyckelbeck,meyckelbeckqh@histats.com,2025-04-01 00:00:00
955,Warden Blevin,wblevinqi@sitemeter.com,2025-11-28 00:00:00
956,Denise Heard,dheardqj@squidoo.com,2025-08-03 00:00:00
957,Martita Cabedo,mcabedoqk@imgur.com,2025-10-07 00:00:00
958,Jack Bilsborrow,jbilsborrowql@tiny.cc,2025-04-18 00:00:00
959,Denise Schwandner,dschwandnerqm@about.com,2025-11-25 00:00:00
960,Cati Gilleon,cgilleonqn@cocolog-nifty.com,2025-07-23 00:00:00
961,Esmaria Garfit,egarfitqo@spiegel.de,2025-08-06 00:00:00
962,Flin Beament,fbeamentqp@amazon.com,2025-08-18 00:00:00
963,Kelley Gibbetts,kgibbettsqq@buzzfeed.com,2025-09-15 00:00:00
964,Esma MacColm,emaccolmqr@nifty.com,2025-08-06 00:00:00
965,Kristan McTague,kmctagueqs@nba.com,2025-05-24 00:00:00
966,Jane Pennyman,jpennymanqt@ameblo.jp,2026-03-02 00:00:00
967,Karilynn Pearse,kpearsequ@nymag.com,2025-03-17 00:00:00
968,Kasper Platts,kplattsqv@hud.gov,2025-10-03 00:00:00
969,Lana Khalid,lkhalidqw@example.com,2025-05-12 00:00:00
970,Vladamir Himpson,vhimpsonqx@who.int,2025-08-15 00:00:00
971,Trudey MacCafferty,tmaccaffertyqy@alexa.com,2026-03-05 00:00:00
972,Virginia Arpe,varpeqz@unc.edu,2025-06-29 00:00:00
973,Dale Book,dbookr0@about.com,2026-01-25 00:00:00
974,Chantalle Shear,cshearr1@umich.edu,2025-03-28 00:00:00
975,Elise Ziehm,eziehmr2@wordpress.com,2025-08-02 00:00:00
976,Sheela Widdup,swiddupr3@kickstarter.com,2026-01-10 00:00:00
977,Yancey Gormally,ygormallyr4@wiley.com,2026-03-10 00:00:00
978,Mose Rainger,mraingerr5@ebay.co.uk,2025-08-28 00:00:00
979,Dall Lantaph,dlantaphr6@ted.com,2025-04-13 00:00:00
980,Aldous Bartoli,abartolir7@tinypic.com,2025-12-30 00:00:00
981,Lorrie Priestman,lpriestmanr8@upenn.edu,2025-05-23 00:00:00
982,Paco Sunock,psunockr9@washington.edu,2025-10-15 00:00:00
983,Aarika Atkinson,aatkinsonra@nymag.com,2025-10-19 00:00:00
984,Antonetta Ducarne,aducarnerb@cbslocal.com,2025-08-04 00:00:00
985,Ottilie Tour,otourrc@ning.com,2025-07-03 00:00:00
986,Ly McKennan,lmckennanrd@samsung.com,2025-08-01 00:00:00
987,Eleni Gleader,egleaderre@bluehost.com,2025-04-04 00:00:00
988,Dreddy Duesbury,dduesburyrf@nhs.uk,2026-01-10 00:00:00
989,Dolly Blazi,dblazirg@jalbum.net,2025-10-04 00:00:00
990,Durant Masser,dmasserrh@nytimes.com,2025-08-29 00:00:00
991,Nicolle Roache,nroacheri@clickbank.net,2025-08-05 00:00:00
992,Jilleen Pennicard,jpennicardrj@bing.com,2025-03-17 00:00:00
993,Stillmann Dowbakin,sdowbakinrk@bing.com,2025-03-18 00:00:00
994,Garek Tyght,gtyghtrl@nps.gov,2025-10-22 00:00:00
995,Ring Sedge,rsedgerm@list-manage.com,2025-03-26 00:00:00
996,Delmar Pass,dpassrn@wikispaces.com,2025-04-08 00:00:00
997,Nanette Claessens,nclaessensro@smh.com.au,2026-01-27 00:00:00
998,Keri McGuinley,kmcguinleyrp@fotki.com,2026-01-21 00:00:00
999,Cathy Woodward,cwoodwardrq@salon.com,2025-05-26 00:00:00
1000,Weidar Halstead,whalsteadrr@comsenz.com,2025-09-17 00:00:00
